/wiki/A.I._Rising,A.I. Rising
/wiki/AI_control_problem,AI control problem
/wiki/Artificial_intelligence_arms_race,Artificial intelligence arms race
/wiki/Behavior_selection_algorithm,Behavior selection algorithm
/wiki/Business_process_automation,Business process automation
/wiki/Case-based_reasoning,Case-based reasoning
/wiki/Citizen_science#Plastics_and_pollution,Citizen Science
/wiki/Emergent_algorithm,Emergent algorithm
/wiki/Female_gendering_of_AI_technologies,Female gendering of AI technologies
/wiki/Glossary_of_artificial_intelligence,Glossary of artificial intelligence
/wiki/Regulation_of_artificial_intelligence,Regulation of artificial intelligence
/wiki/Robotic_process_automation,Robotic process automation
/wiki/Synthetic_intelligence,Synthetic intelligence
/wiki/Universal_basic_income,Universal basic income
/wiki/Weak_AI,Weak AI
